system_id,pdb_id,receptor_name,receptor_uniprot,receptor_gene,gpcr_class,g_protein_family,g_alpha_subtype,ligand_name,ligand_chem_id,ligand_class,n_replicas,length_per_replica_ns,total_sampling_ns,force_field,lipid_composition,structural_provenance,trajectory_type,has_bilayer,traj_exists,topo_exists,traj_sha256,topo_sha256,notes,protocol_group,sampling_claim_scope
G12_7SF7,7SF7,Adhesion G protein-coupled receptor L3,Q9HAR2,ADGRL3,B,G12-13,guanine nucleotide-binding protein g(i)/g(s)/g(t) ,,,,3,500.0,1500.0,CHARMM36 (via AMBER CHARMM-GUI),POPC,experimental,membrane_embedded,True,True,True,,,,P2,nominal protocol values; original file-observed total reported separately
G12_7SF8,7SF8,Adhesion G-protein coupled receptor G1,Q9Y653,ADGRG1,B,G12-13,guanine nucleotide-binding protein g(i)/g(s)/g(t) ,,,,3,500.0,1500.0,CHARMM36 (via AMBER CHARMM-GUI),POPC,experimental,membrane_embedded,True,True,True,,,,P2,nominal protocol values; original file-observed total reported separately
G12_7T6B,7T6B,Sphingosine 1-phosphate receptor 2,O95136,S1PR2,A,G12-13,Guanine nucleotide-binding protein subunit alpha-1,"(2S,3R,4E)-2-amino-3-hydroxyoctadec-4-en-1-yl dihydrogen phosphate",S1P,,3,500.0,1500.0,"CHARMM36 (chamber, AMBER pmemd)",POPC,experimental,membrane_embedded,True,True,True,,,nan; API receptor_name='Sphingosine 1-phosphate receptor 2' differs from existing,P1,nominal protocol values; original file-observed total reported separately
G12_8IKL,8IKL,Adhesion G protein-coupled receptor E5,P48960,ADGRE5,A,G12-13,Guanine nucleotide-binding protein G(13) subunit a,,,,3,500.0,1500.0,"CHARMM36 (chamber, AMBER pmemd)",POPC,experimental,membrane_embedded,True,True,True,,,,P1,nominal protocol values; original file-observed total reported separately
G12_8KGG,8KGG,Putative P2Y purinoceptor 10,O00398,P2RY10,A,G12-13,Guanine nucleotide-binding protein G(i) subunit al,(2~{S})-2-$l^{4}-azanyl-3-[[(2~{R})-3-octadecanoyloxy-2-oxidanyl-propoxy]-oxidanyl-oxidanylidene-$l^{6}-phosphanyl]oxy-propanoic acid,WJS,,3,500.0,1500.0,"CHARMM36 (chamber, AMBER pmemd)",POPC,experimental,membrane_embedded,True,True,True,,,,P1,nominal protocol values; original file-observed total reported separately
G12_9IY8,9IY8,G-protein coupled receptor 55,Q9Y2T6,GPR55,A,G12-13,Guanine nucleotide-binding protein subunit alpha-1,CYM,,,3,500.0,1500.0,"CHARMM36 (chamber, AMBER pmemd)",POPC,experimental,membrane_embedded,True,True,True,,,,P1,nominal protocol values; original file-observed total reported separately
Gi_6CMO,6CMO,Rhodopsin,P08100,RHO,A,Gi,Guanine nucleotide-binding protein G(i) subunit al,,,,3,500.0,1500.0,"CHARMM36 (chamber, AMBER pmemd)",POPC,engineered_uncertain,membrane_embedded,True,True,True,,,nan; API receptor_name='Rhodopsin' differs from existing,P1,nominal protocol values; original file-observed total reported separately
Gi_6D9H,6D9H,Muscarinic acetylcholine receptor M4,P08173,CHRM4,A,Gi,Guanine nucleotide-binding protein G(i) subunit al,ADENOSINE,ADN,,3,500.0,1500.0,"CHARMM36 (chamber, AMBER pmemd)",POPC,engineered_uncertain,membrane_embedded,True,True,True,,,nan; API receptor_name='Muscarinic acetylcholine receptor M4' differs from existing,P1,nominal protocol values; original file-observed total reported separately
Gi_6G79,6G79,5-hydroxytryptamine receptor 1B,P28222,HTR1B,A,Gi,Guanine nucleotide-binding protein G(o) subunit al,2-[5-[2-[4-(4-cyanophenyl)piperazin-1-yl]-2-oxidanylidene-ethoxy]-1~{H}-indol-3-yl]ethylazanium,EP5,,3,500.0,1500.0,"CHARMM36 (chamber, AMBER pmemd)",POPC,experimental,membrane_embedded,True,True,True,,,,P1,nominal protocol values; original file-observed total reported separately
Gi_6K42,6K42,Alpha-2A adrenergic receptor,P08913,ADRA2A,A,Gi,Guanine nucleotide-binding protein G(i) subunit al,"4-[(1~{S})-1-(2,3-dimethylphenyl)ethyl]-1~{H}-imidazole",CZX,,3,500.0,1500.0,"CHARMM36 (chamber, AMBER pmemd)",POPC,experimental,membrane_embedded,True,True,True,,,,P1,nominal protocol values; original file-observed total reported separately
Gi_6LFO,6LFO,C-X-C chemokine receptor type 2,P25025,CXCR2,A,Gi,Guanine nucleotide-binding protein G(i) subunit al,,,,3,500.0,1500.0,"CHARMM36 (chamber, AMBER pmemd)",POPC,experimental,membrane_embedded,True,True,True,,,,P1,nominal protocol values; original file-observed total reported separately
Gi_6LML,6LML,Glucagon receptor,P47871,GCGR,B,Gi,guanine nucleotide-binding protein g(i) subunit al,,,,3,500.0,1500.0,CHARMM36 (via AMBER CHARMM-GUI),POPC,experimental,membrane_embedded,True,True,True,,,,P2,nominal protocol values; original file-observed total reported separately
Gi_6OSA,6OSA,Neurotensin receptor type 1,P30989,NTSR1,A,Gi,Guanine nucleotide-binding protein G(i) subunit al,,,,3,500.0,1500.0,"CHARMM36 (chamber, AMBER pmemd)",POPC,experimental,membrane_embedded,True,True,True,,,,P1,nominal protocol values; original file-observed total reported separately
Gi_6PT0,6PT0,Cannabinoid receptor 2,P34972,CNR2,A,Gi,Guanine nucleotide-binding protein G(i) subunit al,"{(3R)-5-methyl-3-[(morpholin-4-yl)methyl]-2,3-dihydro[1,4]oxazino[2,3,4-hi]indol-6-yl}(naphthalen-1-yl)methanone",WI5,,3,500.0,1500.0,"CHARMM36 (chamber, AMBER pmemd)",POPC,experimental,membrane_embedded,True,True,True,,,,P1,nominal protocol values; original file-observed total reported separately
Gi_6WWZ,6WWZ,C-C chemokine receptor type 6,P51684,CCR6,A,Gi,Guanine nucleotide-binding protein G(o) subunit al,CYM,,,3,500.0,1500.0,"CHARMM36 (chamber, AMBER pmemd)",POPC,experimental,membrane_embedded,True,True,True,,,,P1,nominal protocol values; original file-observed total reported separately
Gi_7CMV,7CMV,D(3) dopamine receptor,P35462,DRD3,A,Gi,Guanine nucleotide-binding protein G(i) subunit al,"(4aR,10bR)-4-propyl-3,4a,5,10b-tetrahydro-2H-chromeno[4,3-b][1,4]oxazin-9-ol",G6O,,3,500.0,1500.0,"CHARMM36 (chamber, AMBER pmemd)",POPC,experimental,membrane_embedded,True,True,True,,,,P1,nominal protocol values; original file-observed total reported separately
Gi_7D77,7D77,Adhesion G protein-coupled receptor G3,Q86Y34,ADGRG3,B,Gi,guanine nucleotide-binding protein g(i)/g(s)/g(t) ,"CHOLESTEROL HEMISUCCINATE/(11alpha,14beta)-11,17,21-trihydroxypregn-4-ene-3,20-dione",Y01/HCY,,3,500.0,1500.0,CHARMM36 (via AMBER CHARMM-GUI),POPC,engineered_uncertain,membrane_embedded,True,True,True,,,,P2,nominal protocol values; original file-observed total reported separately
Gi_7E2X,7E2X,5-hydroxytryptamine receptor 1A,P08908,HTR1A,A,Gi,Guanine nucleotide-binding protein G(i) subunit al,"[(2R)-1-[oxidanyl-[(2R,3R,5S,6R)-2,3,5,6-tetrakis(oxidanyl)-4-phosphonooxy-cyclohexyl]oxy-phosphoryl]oxy-3-tetradecanoyloxy-propan-2-yl] (5E,8E)-hexadeca-5,8,11,14-tetraenoate",J40,,3,500.0,1500.0,"CHARMM36 (chamber, AMBER pmemd)",POPC,experimental,membrane_embedded,True,True,True,,,,P1,nominal protocol values; original file-observed total reported separately
Gi_7E32,7E32,5-hydroxytryptamine receptor 1D,P28221,HTR1D,A,Gi,Guanine nucleotide-binding protein G(i) subunit al,SEROTONIN,SRO,,3,500.0,1500.0,"CHARMM36 (chamber, AMBER pmemd)",POPC,experimental,membrane_embedded,True,True,True,,,,P1,nominal protocol values; original file-observed total reported separately
Gi_7E33,7E33,5-hydroxytryptamine receptor 1E,P28566,HTR1E,A,Gi,Guanine nucleotide-binding protein G(i) subunit al,3-(1-methylpiperidin-4-yl)-1H-indol-5-ol,HVU,,3,500.0,1500.0,"CHARMM36 (chamber, AMBER pmemd)",POPC,experimental,membrane_embedded,True,True,True,,,,P1,nominal protocol values; original file-observed total reported separately
Gi_7EJX,7EJX,G protein-coupled receptor 88,Q9GZN0,GPR88,A,Gi,Guanine nucleotide-binding protein G(i) subunit al,"(1R,2R)-N-[(2S,3S)-2-azanyl-3-methyl-pentyl]-N-[4-(4-propylphenyl)phenyl]-2-pyridin-2-yl-cyclopropane-1-carboxamide",J5F,,3,500.0,1500.0,"CHARMM36 (chamber, AMBER pmemd)",POPC,experimental,membrane_embedded,True,True,True,,,,P1,nominal protocol values; original file-observed total reported separately
Gi_7EW1,7EW1,Sphingosine 1-phosphate receptor 5,Q9H228,S1PR5,A,Gi,Guanine nucleotide-binding protein G(i) subunit al,1-[[4-[(~{E})-~{N}-[[4-cyclohexyl-3-(trifluoromethyl)phenyl]methoxy]-~{C}-methyl-carbonimidoyl]-2-ethyl-phenyl]methyl]azetidine-3-carboxylic acid,J8C,,3,500.0,1500.0,"CHARMM36 (chamber, AMBER pmemd)",POPC,experimental,membrane_embedded,True,True,True,,,,P1,nominal protocol values; original file-observed total reported separately
Gi_7EW4,7EW4,Sphingosine 1-phosphate receptor 3,Q99500,S1PR3,A,Gi,Guanine nucleotide-binding protein G(i) subunit al,"N,N-dicyclohexyl-5-cyclopropyl-1,2-oxazole-3-carboxamide",JF9,,3,500.0,1500.0,"CHARMM36 (chamber, AMBER pmemd)",POPC,experimental,membrane_embedded,True,True,True,,,,P1,nominal protocol values; original file-observed total reported separately
Gi_7EXD,7EXD,5-hydroxytryptamine receptor 1F,P30939,HTR1F,A,Gi,Guanine nucleotide-binding protein G(i) subunit al,"2,4,6-tris(fluoranyl)-N-[6-(1-methylpiperidin-4-yl)carbonylpyridin-2-yl]benzamide",05X,,3,500.0,1500.0,"CHARMM36 (chamber, AMBER pmemd)",POPC,experimental,membrane_embedded,True,True,True,,,,P1,nominal protocol values; original file-observed total reported separately
Gi_7EZH,7EZH,Cholecystokinin receptor type A,P32238,CCKAR,A,Gi,Guanine nucleotide-binding protein G(i) subunit al,,,,3,500.0,1500.0,"CHARMM36 (chamber, AMBER pmemd)",POPC,experimental,membrane_embedded,True,True,True,,,,P1,nominal protocol values; original file-observed total reported separately
Gi_7F1Q,7F1Q,C-C chemokine receptor type 5,P51681,CCR5,A,Gi,Guanine nucleotide-binding protein G(i) subunit al,,,,3,500.0,1500.0,"CHARMM36 (chamber, AMBER pmemd)",POPC,experimental,membrane_embedded,True,True,True,,,,P1,nominal protocol values; original file-observed total reported separately
Gi_7F8V,7F8V,Gastrin/cholecystokinin type B receptor,P32239,CCKBR,A,Gi,Guanine nucleotide-binding protein G(i) subunit al,,,,3,500.0,1500.0,"CHARMM36 (chamber, AMBER pmemd)",POPC,experimental,membrane_embedded,True,True,True,,,,P1,nominal protocol values; original file-observed total reported separately
Gi_7NA7,7NA7,Growth hormone secretagogue receptor type 1,Q92847,GHSR,A,Gi,Guanine nucleotide-binding protein G(i) subunit al,1IC,,,3,500.0,1500.0,"CHARMM36 (chamber, AMBER pmemd)",POPC,experimental,membrane_embedded,True,True,True,,,,P1,nominal protocol values; original file-observed total reported separately
Gi_7QVM,7QVM,Oxytocin receptor,P30559,OXTR,A,Gi,Guanine nucleotide-binding protein G(o) subunit al,CYM,,,3,500.0,1500.0,"CHARMM36 (chamber, AMBER pmemd)",POPC,experimental,membrane_embedded,True,True,True,,,,P1,nominal protocol values; original file-observed total reported separately
Gi_7SQO,7SQO,Orexin receptor type 2,O43614,HCRTR2,A,Gi,Guanine nucleotide-binding protein G(i) subunit al,"methyl (2R,3S)-3-[(methanesulfonyl)amino]-2-({[(1s,4S)-4-phenylcyclohexyl]oxy}methyl)piperidine-1-carboxylate",A6F,,3,500.0,1500.0,"CHARMM36 (chamber, AMBER pmemd)",POPC,experimental,membrane_embedded,True,True,True,,,,P1,nominal protocol values; original file-observed total reported separately
Gi_7T10,7T10,Somatostatin receptor type 2,P30874,SSTR2,A,Gi,Guanine nucleotide-binding protein G(i) subunit al,,,,3,500.0,1500.0,"CHARMM36 (chamber, AMBER pmemd)",POPC,experimental,membrane_embedded,True,True,True,,,,P1,nominal protocol values; original file-observed total reported separately
Gi_7T96,7T96,Muscarinic acetylcholine receptor M2,P08172,CHRM2,A,Gi,Guanine nucleotide-binding protein G(o) subunit al,"ACETYLCHOLINE/3-amino-5-chloro-N-cyclopropyl-4-methyl-6-[2-(4-methylpiperazin-1-yl)-2-oxoethoxy]thieno[2,3-b]pyridine-2-carboxamide",ACH/2CU,,3,500.0,1500.0,"CHARMM36 (chamber, AMBER pmemd)",POPC,experimental,membrane_embedded,True,True,True,,,,P1,nominal protocol values; original file-observed total reported separately
Gi_7TS0,7TS0,Corticotropin-releasing factor receptor 2,Q13324,CRHR2,B,Gi,guanine nucleotide-binding protein g(i)/g(s)/g(t) ,,,,3,500.0,1500.0,CHARMM36 (via AMBER CHARMM-GUI),POPC,experimental,membrane_embedded,True,True,True,,,,P2,nominal protocol values; original file-observed total reported separately
Gi_7TUZ,7TUZ,G-protein coupled receptor 183,P32249,GPR183,A,Gi,Guanine nucleotide-binding protein G(i) subunit al,"(2S,4aS,4bS,7R,8S,8aS,9R,10aR)-7-[(2R,3R)-7-hydroxy-3,7-dimethyloctan-2-yl]-4a,7,8-trimethyltetradecahydrophenanthrene-2,9-diol",KJX,,3,500.0,1500.0,"CHARMM36 (chamber, AMBER pmemd)",POPC,experimental,membrane_embedded,True,True,True,,,,P1,nominal protocol values; original file-observed total reported separately
Gi_7VDL,7VDL,Mas-related G-protein coupled receptor member X2,Q96LB1,MRGPRX2,A,Gi,Guanine nucleotide-binding protein G(i) subunit al,,,,3,500.0,1500.0,"CHARMM36 (chamber, AMBER pmemd)",POPC,experimental,membrane_embedded,True,True,True,,,,P1,nominal protocol values; original file-observed total reported separately
Gi_7VGZ,7VGZ,Melatonin receptor type 1A,P48039,MTNR1A,A,Gi,Guanine nucleotide-binding protein G(i) subunit al,"N-{2-[(8S)-1,6,7,8-tetrahydro-2H-indeno[5,4-b]furan-8-yl]ethyl}propanamide",JEV,,3,500.0,1500.0,"CHARMM36 (chamber, AMBER pmemd)",POPC,experimental,membrane_embedded,True,True,True,,,,P1,nominal protocol values; original file-observed total reported separately
Gi_7VH0,7VH0,Melatonin receptor type 1B,P49286,MTNR1B,A,Gi,Guanine nucleotide-binding protein G(i) subunit al,"N-{2-[(8S)-1,6,7,8-tetrahydro-2H-indeno[5,4-b]furan-8-yl]ethyl}propanamide",JEV,,3,500.0,1500.0,"CHARMM36 (chamber, AMBER pmemd)",POPC,experimental,membrane_embedded,True,True,True,,,,P1,nominal protocol values; original file-observed total reported separately
Gi_7VIF,7VIF,Sphingosine 1-phosphate receptor 1,P21453,S1PR1,A,Gi,Guanine nucleotide-binding protein G(i) subunit al,(2~{S})-2-azanyl-4-(4-octylphenyl)-2-[[oxidanyl-bis(oxidanylidene)-$l^{6}-phosphanyl]oxymethyl]butan-1-ol,J89,,3,500.0,1500.0,"CHARMM36 (chamber, AMBER pmemd)",POPC,experimental,membrane_embedded,True,True,True,,,,P1,nominal protocol values; original file-observed total reported separately
Gi_7VKT,7VKT,Leukotriene B4 receptor 1,Q15722,LTB4R,A,Gi,Guanine nucleotide-binding protein G(i) subunit al,"LEUKOTRIENE B4/CHOLESTEROL HEMISUCCINATE/[(2R)-2-[(Z)-hexadec-9-enoyl]oxy-3-[oxidanyl-[(2S,3R,5R,6S)-2,3,4,5,6-pentakis(oxidanyl)cyclohexyl]oxy-phosphoryl]oxy-propyl] octadecanoate",LTB/Y01/8IO,,3,500.0,1500.0,"CHARMM36 (chamber, AMBER pmemd)",POPC,experimental,membrane_embedded,True,True,True,,,,P1,nominal protocol values; original file-observed total reported separately
Gi_7VL9,7VL9,C-C chemokine receptor type 1,P32246,CCR1,A,Gi,Guanine nucleotide-binding protein G(i) subunit al,,,,3,500.0,1500.0,"CHARMM36 (chamber, AMBER pmemd)",POPC,experimental,membrane_embedded,True,True,True,,,,P1,nominal protocol values; original file-observed total reported separately
Gi_7W0N,7W0N,Apelin receptor,P35414,APLNR,A,Gi,Guanine nucleotide-binding protein G(i) subunit al,,,,3,500.0,1500.0,"CHARMM36 (chamber, AMBER pmemd)",POPC,experimental,membrane_embedded,True,True,True,,,,P1,nominal protocol values; original file-observed total reported separately
Gi_7W6P,7W6P,Alpha-2A adrenergic receptor,P08913,ADRA2A,A,Gi,Guanine nucleotide-binding protein G(o) subunit al,N-pyridin-4-ylisoquinolin-4-amine,W96,,3,500.0,1500.0,"CHARMM36 (chamber, AMBER pmemd)",POPC,experimental,membrane_embedded,True,True,True,,,,P1,nominal protocol values; original file-observed total reported separately
Gi_7WQ3,7WQ3,Galanin receptor type 1,P47211,GALR1,A,Gi,Guanine nucleotide-binding protein G(i) subunit al,,,,3,500.0,1500.0,"CHARMM36 (chamber, AMBER pmemd)",POPC,experimental,membrane_embedded,True,True,True,,,,P1,nominal protocol values; original file-observed total reported separately
Gi_7WU9,7WU9,Prostaglandin E2 receptor EP3 subtype,P43115,PTGER3,A,Gi,Guanine nucleotide-binding protein G(i) subunit al,,,,3,500.0,1500.0,"CHARMM36 (chamber, AMBER pmemd)",POPC,experimental,membrane_embedded,True,True,True,,,,P1,nominal protocol values; original file-observed total reported separately
Gi_7WV9,7WV9,Cannabinoid receptor 1,P21554,CNR1,A,Gi,Guanine nucleotide-binding protein G(i) subunit al,"6-methyl-3-[(1S)-2-nitro-1-thiophen-2-yl-ethyl]-2-phenyl-1H-indole/2-[(1R,2R,5R)-5-hydroxy-2-(3-hydroxypropyl)cyclohexyl]-5-(2-methyloctan-2-yl)phenol",7IC/9GF,,3,500.0,1500.0,"CHARMM36 (chamber, AMBER pmemd)",POPC,experimental,membrane_embedded,True,True,True,,,,P1,nominal protocol values; original file-observed total reported separately
Gi_7WVU,7WVU,N-formyl peptide receptor 1,P21462,FPR1,A,Gi,Guanine nucleotide-binding protein G(i) subunit al,FME,,,3,500.0,1500.0,"CHARMM36 (chamber, AMBER pmemd)",POPC,experimental,membrane_embedded,True,True,True,,,,P1,nominal protocol values; original file-observed total reported separately
Gi_7WVX,7WVX,N-formyl peptide receptor 2,P25090,FPR2,A,Gi,Guanine nucleotide-binding protein G(i) subunit al,,,,3,500.0,1500.0,"CHARMM36 (chamber, AMBER pmemd)",POPC,experimental,membrane_embedded,True,True,True,,,,P1,nominal protocol values; original file-observed total reported separately
Gi_7X5H,7X5H,5-hydroxytryptamine receptor 5A,P47898,HTR5A,A,Gi,Guanine nucleotide-binding protein G(i) subunit al,3-(2-azanylethyl)-1H-indole-5-carboxamide,8K3,,3,500.0,1500.0,"CHARMM36 (chamber, AMBER pmemd)",POPC,experimental,membrane_embedded,True,True,True,,,,P1,nominal protocol values; original file-observed total reported separately
Gi_7X9A,7X9A,Neuropeptide Y receptor type 1,P25929,NPY1R,A,Gi,Guanine nucleotide-binding protein G(i) subunit al,,,,3,500.0,1500.0,"CHARMM36 (chamber, AMBER pmemd)",POPC,experimental,membrane_embedded,True,True,True,,,,P1,nominal protocol values; original file-observed total reported separately
Gi_7X9C,7X9C,Neuropeptide Y receptor type 4,P50391,NPY4R,A,Gi,Guanine nucleotide-binding protein G(i) subunit al,,,,3,500.0,1500.0,"CHARMM36 (chamber, AMBER pmemd)",POPC,experimental,membrane_embedded,True,True,True,,,,P1,nominal protocol values; original file-observed total reported separately
Gi_7X9Y,7X9Y,C-C chemokine receptor type 3,P51677,CCR3,A,Gi,Guanine nucleotide-binding protein G(i) subunit al,,,,3,500.0,1500.0,"CHARMM36 (chamber, AMBER pmemd)",POPC,experimental,membrane_embedded,True,True,True,,,,P1,nominal protocol values; original file-observed total reported separately
Gi_7XA3,7XA3,C-C chemokine receptor type 2,P41597,CCR2,A,Gi,Guanine nucleotide-binding protein G(i) subunit al,,,,3,500.0,1500.0,"CHARMM36 (chamber, AMBER pmemd)",POPC,experimental,membrane_embedded,True,True,True,,,,P1,nominal protocol values; original file-observed total reported separately
Gi_7XBX,7XBX,CX3C chemokine receptor 1,P49238,CX3CR1,A,Gi,Guanine nucleotide-binding protein G(i) subunit al,,,,3,500.0,1500.0,"CHARMM36 (chamber, AMBER pmemd)",POPC,experimental,membrane_embedded,True,True,True,,,,P1,nominal protocol values; original file-observed total reported separately
Gi_7XK2,7XK2,Hydroxycarboxylic acid receptor 2,Q8TDS4,HCAR2,A,Gi,Guanine nucleotide-binding protein G(i) subunit al,"2-[[2,2-dimethyl-3-[3-(5-oxidanylpyridin-2-yl)-1,2,4-oxadiazol-5-yl]propanoyl]amino]cyclohexene-1-carboxylic acid",FI7,,3,500.0,1500.0,"CHARMM36 (chamber, AMBER pmemd)",POPC,experimental,membrane_embedded,True,True,True,,,,P1,nominal protocol values; original file-observed total reported separately
Gi_7XK8,7XK8,Neuromedin-U receptor 2,Q9GZQ4,NMUR2,A,Gi,Guanine nucleotide-binding protein G(i) subunit al,,,,3,500.0,1500.0,"CHARMM36 (chamber, AMBER pmemd)",POPC,experimental,membrane_embedded,True,True,True,,,,P1,nominal protocol values; original file-observed total reported separately
Gi_7XMS,7XMS,Somatostatin receptor type 4,P31391,SSTR4,A,Gi,Guanine nucleotide-binding protein G(i) subunit al,,,,3,500.0,1500.0,"CHARMM36 (chamber, AMBER pmemd)",POPC,experimental,membrane_embedded,True,True,True,,,,P1,nominal protocol values; original file-observed total reported separately
Gi_7XTA,7XTA,5-hydroxytryptamine receptor 4,Q13639,HTR4,A,Gi,Guanine nucleotide-binding protein G(i) subunit al,SEROTONIN,SRO,,3,500.0,1500.0,"CHARMM36 (chamber, AMBER pmemd)",POPC,experimental,membrane_embedded,True,True,True,,,,P1,nominal protocol values; original file-observed total reported separately
Gi_7XXI,7XXI,P2Y purinoceptor 12,Q9H244,P2RY12,A,Gi,Guanine nucleotide-binding protein G(i) subunit al,2-(methylsulfanyl)adenosine 5'-(trihydrogen diphosphate),6AD,,3,500.0,1500.0,"CHARMM36 (chamber, AMBER pmemd)",POPC,experimental,membrane_embedded,True,True,True,,,,P1,nominal protocol values; original file-observed total reported separately
Gi_7Y12,7Y12,Mas-related G-protein coupled receptor member D,Q8TDS7,MRGPRD,A,Gi,Guanine nucleotide-binding protein G(i) subunit al,BETA-ALANINE,BAL,,3,500.0,1500.0,"CHARMM36 (chamber, AMBER pmemd)",POPC,experimental,membrane_embedded,True,True,True,,,,P1,nominal protocol values; original file-observed total reported separately
Gi_7Y89,7Y89,Uracil nucleotide/cysteinyl leukotriene receptor,Q13304,GPR17,A,Gi,Guanine nucleotide-binding protein G(i) subunit al,,,,3,500.0,1500.0,"CHARMM36 (chamber, AMBER pmemd)",POPC,experimental,membrane_embedded,True,True,True,,,,P1,nominal protocol values; original file-observed total reported separately
Gi_7YK6,7YK6,Relaxin-3 receptor 2,Q8TDU9,RXFP4,A,Gi,Guanine nucleotide-binding protein G(i) subunit al,1-[2-(4-chlorophenyl)ethyl]-3-[(7-ethyl-5-oxidanyl-1H-indol-3-yl)methylideneamino]guanidine,IYF,,3,500.0,1500.0,"CHARMM36 (membrane-embedded, GROMACS)",POPC,experimental,membrane_embedded,True,True,True,,,1 temp/incomplete files (#-prefixed) present; TRR with vel+forces: prod1_now.trr,P3,nominal protocol values; original file-observed total reported separately
Gi_7YK7,7YK7,Relaxin-3 receptor 2,Q8TDU9,RXFP4,A,Gi,Guanine nucleotide-binding protein G(i) subunit al,"[(1S)-7-ethoxy-6-methoxy-1-[2-(5-methoxy-1H-indol-3-yl)ethyl]-3,4-dihydro-1H-isoquinolin-2-yl]-morpholin-4-yl-methanone",IYM,,3,500.0,1500.0,"CHARMM36 (chamber, AMBER pmemd)",POPC,experimental,membrane_embedded,True,True,True,,,,P1,nominal protocol values; original file-observed total reported separately
Gi_7YKD,7YKD,Chemerin-like receptor 1,Q99788,CMKLR1,A,Gi,Guanine nucleotide-binding protein G(i) subunit al,,,,3,500.0,1500.0,"CHARMM36 (chamber, AMBER pmemd)",POPC,experimental,membrane_embedded,True,True,True,,,,P1,nominal protocol values; original file-observed total reported separately
Gi_7YON,7YON,Neuropeptide Y receptor type 2,P49146,NPY2R,A,Gi,Guanine nucleotide-binding protein G(i) subunit al,CYM,,,3,500.0,1500.0,"CHARMM36 (chamber, AMBER pmemd)",POPC,experimental,membrane_embedded,True,True,True,,,,P1,nominal protocol values; original file-observed total reported separately
Gi_7YU8,7YU8,Lysophosphatidic acid receptor 1,Q92633,LPAR1,A,Gi,Guanine nucleotide-binding protein G(i) subunit al,[(2~{R})-2-[5-(2-hexylphenyl)pentanoylamino]-3-oxidanyl-propyl] dihydrogen phosphate,K6L,,3,500.0,1500.0,"CHARMM36 (chamber, AMBER pmemd)",POPC,experimental,membrane_embedded,True,True,True,,,,P1,nominal protocol values; original file-observed total reported separately
Gi_8DZQ,8DZQ,Kappa-type opioid receptor,P41145,OPRK1,A,Gi,Guanine nucleotide-binding protein G(o) subunit al,"methyl (2S,4aR,6aR,7R,9S,10aS,10bR)-2-(furan-3-yl)-9-(methoxymethoxy)-6a,10b-dimethyl-4,10-dioxododecahydro-2H-naphtho[2,1-c]pyran-7-carboxylate",U99,,3,500.0,1500.0,"CHARMM36 (chamber, AMBER pmemd)",POPC,experimental,membrane_embedded,True,True,True,,,,P1,nominal protocol values; original file-observed total reported separately
Gi_8EFO,8EFO,Mu-type opioid receptor,P35372,OPRM1,A,Gi,Guanine nucleotide-binding protein G(i) subunit al,N-[(2S)-2-(dimethylamino)-3-(4-hydroxyphenyl)propyl]-N'-[(2S)-1-(thiophen-3-yl)propan-2-yl]urea,8QY,,3,500.0,1500.0,"CHARMM36 (chamber, AMBER pmemd)",POPC,experimental,membrane_embedded,True,True,True,,,,P1,nominal protocol values; original file-observed total reported separately
Gi_8F7S,8F7S,Delta-type opioid receptor,P41143,OPRD1,A,Gi,Guanine nucleotide-binding protein G(i) subunit al,,,,3,500.0,1500.0,"CHARMM36 (chamber, AMBER pmemd)",POPC,experimental,membrane_embedded,True,True,True,,,,P1,nominal protocol values; original file-observed total reported separately
Gi_8HK2,8HK2,C3a anaphylatoxin chemotactic receptor,Q16581,C3AR1,A,Gi,Guanine nucleotide-binding protein G(i) subunit al,CYM,,,3,500.0,1500.0,"CHARMM36 (chamber, AMBER pmemd)",POPC,experimental,membrane_embedded,True,True,True,,,,P1,nominal protocol values; original file-observed total reported separately
Gi_8HK5,8HK5,C5a anaphylatoxin chemotactic receptor 1,P21730,C5AR1,A,Gi,Guanine nucleotide-binding protein G(i) subunit al,,,,3,500.0,1500.0,"CHARMM36 (chamber, AMBER pmemd)",POPC,experimental,membrane_embedded,True,True,True,,,,P1,nominal protocol values; original file-observed total reported separately
Gi_8HQM,8HQM,Probable G-protein coupled receptor 132,Q9UNW8,GPR132,A,Gi,Guanine nucleotide-binding protein G(i) subunit al,N-PALMITOYLGLYCINE,140,,3,500.0,1500.0,"CHARMM36 (chamber, AMBER pmemd)",POPC,experimental,membrane_embedded,True,True,True,,,,P1,nominal protocol values; original file-observed total reported separately
Gi_8HS3,8HS3,G-protein coupled receptor 20,Q99678,GPR20,A,Gi,Guanine nucleotide-binding protein G(i) subunit al,,,,3,500.0,1500.0,"CHARMM36 (chamber, AMBER pmemd)",POPC,experimental,membrane_embedded,True,True,True,,,,P1,nominal protocol values; original file-observed total reported separately
Gi_8IC0,8IC0,C-X-C chemokine receptor type 1,P25024,CXCR1,A,Gi,Guanine nucleotide-binding protein G(i) subunit al,,,,3,500.0,1500.0,"CHARMM36 (chamber, AMBER pmemd)",POPC,experimental,membrane_embedded,True,True,True,,,,P1,nominal protocol values; original file-observed total reported separately
Gi_8ID9,8ID9,Free fatty acid receptor 4,Q5NUL3,FFAR4,A,Gi,Guanine nucleotide-binding protein G(i) subunit al,"5,8,11,14,17-EICOSAPENTAENOIC ACID",EPA,,3,500.0,1500.0,"CHARMM36 (chamber, AMBER pmemd)",POPC,experimental,membrane_embedded,True,True,True,,,,P1,nominal protocol values; original file-observed total reported separately
Gi_8IHJ,8IHJ,Hydroxycarboxylic acid receptor 3,P49019,HCAR3,A,Gi,Guanine nucleotide-binding protein G(i) subunit al,(5~{S})-5-methyl-4-oxidanylidene-5-phenyl-furan-2-carboxylic acid,P9X,,3,500.0,1500.0,"CHARMM36 (chamber, AMBER pmemd)",POPC,experimental,membrane_embedded,True,True,True,,,,P1,nominal protocol values; original file-observed total reported separately
Gi_8IRU,8IRU,D(4) dopamine receptor,P21917,DRD4,A,Gi,Guanine nucleotide-binding protein G(i) subunit al,Rotigotine,R5F,,3,500.0,1500.0,"CHARMM36 (chamber, AMBER pmemd)",POPC,engineered_uncertain,membrane_embedded,True,True,True,,,,P1,nominal protocol values; original file-observed total reported separately
Gi_8IU2,8IU2,Long-wave-sensitive opsin 1,P04000,OPN1LW,A,Gi,Guanine nucleotide-binding protein G(i) subunit al,RETINAL,RET,,3,500.0,1500.0,"CHARMM36 (chamber, AMBER pmemd)",POPC,experimental,membrane_embedded,True,True,True,,,,P1,nominal protocol values; original file-observed total reported separately
Gi_8IY5,8IY5,Endothelin receptor type B,P24530,EDNRB,A,Gi,Guanine nucleotide-binding protein G(i) subunit al,,,,3,500.0,1500.0,"CHARMM36 (chamber, AMBER pmemd)",POPC,experimental,membrane_embedded,True,True,True,,,,P1,nominal protocol values; original file-observed total reported separately
Gi_8J18,8J18,G-protein coupled receptor 84,Q9NQS5,GPR84,A,Gi,Guanine nucleotide-binding protein G(i) subunit al,(3R)-3-HYDROXYDODECANOIC ACID,HXD,,3,500.0,1500.0,"CHARMM36 (chamber, AMBER pmemd)",POPC,experimental,membrane_embedded,True,True,True,,,,P1,nominal protocol values; original file-observed total reported separately
Gi_8J21,8J21,Free fatty acid receptor 3,O14843,FFAR3,A,Gi,Guanine nucleotide-binding protein G(i) subunit al,butanoic acid,BUA,,3,500.0,1500.0,"CHARMM36 (chamber, AMBER pmemd)",POPC,experimental,membrane_embedded,True,True,True,,,,P1,nominal protocol values; original file-observed total reported separately
Gi_8J6D,8J6D,C3a anaphylatoxin chemotactic receptor,Q16581,C3AR1,A,Gi,Guanine nucleotide-binding protein G(o) subunit al,,,,3,500.0,1500.0,"CHARMM36 (chamber, AMBER pmemd)",POPC,experimental,membrane_embedded,True,True,True,,,,P1,nominal protocol values; original file-observed total reported separately
Gi_8JZZ,8JZZ,C5a anaphylatoxin chemotactic receptor 1,P21730,C5AR1,A,Gi,Guanine nucleotide-binding protein G(o) subunit al,,,,3,500.0,1500.0,"CHARMM36 (chamber, AMBER pmemd)",POPC,experimental,membrane_embedded,True,True,True,,,,P1,nominal protocol values; original file-observed total reported separately
Gi_8K3Z,8K3Z,C-X-C chemokine receptor type 4,P61073,CXCR4,A,Gi,Guanine nucleotide-binding protein G(i) subunit al,,,,3,500.0,1500.0,"CHARMM36 (chamber, AMBER pmemd)",POPC,experimental,membrane_embedded,True,True,True,,,,P1,nominal protocol values; original file-observed total reported separately
Gi_8K6O,8K6O,Neuropeptide Y receptor type 1,P25929,NPY1R,A,Gi,Guanine nucleotide-binding protein G(i) subunit al,,,,3,500.0,1500.0,"CHARMM36 (chamber, AMBER pmemd)",POPC,experimental,membrane_embedded,True,True,True,,,,P1,nominal protocol values; original file-observed total reported separately
Gi_8KFX,8KFX,C-C chemokine receptor type 8,P51685,CCR8,A,Gi,Guanine nucleotide-binding protein G(i) subunit al,"8-[[3-(2-methoxyphenoxy)phenyl]methyl]-1-(2-phenylethyl)-1,3,8-triazaspiro[4.5]decan-4-one",OS9,,3,500.0,1500.0,"CHARMM36 (chamber, AMBER pmemd)",POPC,experimental,membrane_embedded,True,True,True,,,,P1,nominal protocol values; original file-observed total reported separately
Gi_8PJK,8PJK,5-hydroxytryptamine receptor 1A,P08908,HTR1A,A,Gi,Guanine nucleotide-binding protein G(i) subunit al,"6-[3-[2-(2-methoxyphenoxy)ethylamino]propoxy]-4~{H}-1,4-benzoxazin-3-one/(2R)-1-(heptadecanoyloxy)-3-{[(R)-hydroxy{[(1R,2R,3R,4R,5S,6R)-2,3,5,6-tetrahydroxy-4-(phosphonooxy)cyclohexyl]oxy}phosphoryl]oxy}propan-2-yl (5Z,8Z,11Z,14Z)-icosa-5,8,11,14-tetraenoate",ZL9/T7M,,3,500.0,1500.0,"CHARMM36 (chamber, AMBER pmemd)",POPC,experimental,membrane_embedded,True,True,True,,,,P1,nominal protocol values; original file-observed total reported separately
Gi_8UGY,8UGY,5-hydroxytryptamine receptor 1E,P28566,HTR1E,A,Gi,Guanine nucleotide-binding protein G(i) subunit al,Mianserin,WRU,,3,500.0,1500.0,"CHARMM36 (chamber, AMBER pmemd)",POPC,experimental,membrane_embedded,True,True,True,,,,P1,nominal protocol values; original file-observed total reported separately
Gi_8WWH,8WWH,Melanin-concentrating hormone receptor 1,Q99705,MCHR1,A,Gi,Guanine nucleotide-binding protein G(i) subunit al,,,,3,500.0,1500.0,"CHARMM36 (chamber, AMBER pmemd)",POPC,experimental,membrane_embedded,True,True,True,,,,P1,nominal protocol values; original file-observed total reported separately
Gi_8X8L,8X8L,Somatostatin receptor type 5,P35346,SSTR5,A,Gi,Guanine nucleotide-binding protein G(i) subunit al,,,,3,500.0,1500.0,"CHARMM36 (chamber, AMBER pmemd)",POPC,experimental,membrane_embedded,True,True,True,,,,P1,nominal protocol values; original file-observed total reported separately
Gi_8XGM,8XGM,Chemerin-like receptor 2,P46091,CMKLR2,A,Gi,Guanine nucleotide-binding protein G(i) subunit al,,,,3,500.0,1500.0,"CHARMM36 (chamber, AMBER pmemd)",POPC,experimental,membrane_embedded,True,True,True,,,,P1,nominal protocol values; original file-observed total reported separately
Gi_8XIP,8XIP,Somatostatin receptor type 1,P30872,SSTR1,A,Gi,Gαi,,,,3,500.0,1500.0,"CHARMM36 (chamber, AMBER pmemd)",POPC,experimental,membrane_embedded,True,True,True,,,,P1,nominal protocol values; original file-observed total reported separately
Gi_8XIQ,8XIQ,Somatostatin receptor type 3,P32745,SSTR3,A,Gi,Gαi,PEP,,,3,500.0,1500.0,"CHARMM36 (chamber, AMBER pmemd)",POPC,experimental,membrane_embedded,True,True,True,,,,P1,nominal protocol values; original file-observed total reported separately
Gi_8XXU,8XXU,Prostaglandin D2 receptor 2,Q9Y5Y4,PTGDR2,A,Gi,Guanine nucleotide-binding protein G(i) subunit al,"[(2~{R})-1-hexadecanoyloxy-3-[oxidanyl-[(2~{S},3~{R},5~{R},6~{S})-2,3,4,5,6-pentakis(oxidanyl)cyclohexyl]oxy-phosphoryl]oxy-propan-2-yl] (~{Z})-octadec-9-enoate",A1D5Q,,3,500.0,1500.0,"CHARMM36 (chamber, AMBER pmemd)",POPC,experimental,membrane_embedded,True,True,True,,,,P1,nominal protocol values; original file-observed total reported separately
Gi_8XYD,8XYD,Platelet-activating factor receptor,P25105,PTAFR,A,Gi,Guanine nucleotide-binding protein G(i) subunit al,(2R)-2-(acetyloxy)-3-(hexadecyloxy)propyl 2-(trimethylammonio)ethyl phosphate,PFS,,3,500.0,1500.0,"CHARMM36 (chamber, AMBER pmemd)",POPC,experimental,membrane_embedded,True,True,True,,,,P1,nominal protocol values; original file-observed total reported separately
Gi_8XZI,8XZI,Apelin receptor,P35414,APLNR,A,Gi,Guanine nucleotide-binding protein G(i) subunit al,(3~{S})-5-methyl-3-[[1-pentan-3-yl-2-(thiophen-2-ylmethyl)benzimidazol-5-yl]carbonylamino]hexanoic acid,A1D5N,,3,500.0,1500.0,"CHARMM36 (chamber, AMBER pmemd)",POPC,experimental,membrane_embedded,True,True,True,,,,P1,nominal protocol values; original file-observed total reported separately
Gi_8YIC,8YIC,Sphingosine 1-phosphate receptor 1,P21453,S1PR1,A,Gi,Guanine nucleotide-binding protein G(i) subunit al,SAR247799,A1LYQ,,3,500.0,1500.0,"CHARMM36 (membrane-embedded, GROMACS)",POPC,experimental,membrane_embedded,True,True,True,,,2 temp/incomplete files (#-prefixed) present; TRR with vel+forces: prod1_now.trr,P3,nominal protocol values; original file-observed total reported separately
Gi_8YNA,8YNA,Histamine H4 receptor,Q9H3N8,HRH4,A,Gi,Guanine nucleotide-binding protein G(i) subunit al,4-(1H-imidazol-5-ylmethyl)piperidine,A1LY4,,3,500.0,1500.0,"CHARMM36 (chamber, AMBER pmemd)",POPC,experimental,membrane_embedded,True,True,True,,,,P1,nominal protocol values; original file-observed total reported separately
Gi_8ZQE,8ZQE,G-protein coupled receptor 15,P49685,GPR15,A,Gi,Guanine nucleotide-binding protein G(i) subunit al,,,,3,500.0,1500.0,"CHARMM36 (chamber, AMBER pmemd)",POPC,engineered_uncertain,membrane_embedded,True,True,True,,,,P1,nominal protocol values; original file-observed total reported separately
Gi_9AST,9AST,Chemokine XC receptor 1,P46094,XCR1,A,Gi,Guanine nucleotide-binding protein G(i) subunit al,CYM,,,3,500.0,1500.0,"CHARMM36 (chamber, AMBER pmemd)",POPC,experimental,membrane_embedded,True,True,True,,,,P1,nominal protocol values; original file-observed total reported separately
Gi_9IIX,9IIX,Taste receptor type 2 member 14,Q9NYV8,TAS2R14,A,Gi,Guanine nucleotide-binding protein mini g(s) subun,4-methyl-N-[(2M)-2-(1H-tetrazol-5-yl)phenyl]-6-(trifluoromethyl)pyrimidin-2-amine,A1AEI,,3,500.0,1500.0,"CHARMM36 (chamber, AMBER pmemd)",POPC,experimental,membrane_embedded,True,True,True,,,,P1,nominal protocol values; original file-observed total reported separately
Gi_9J5V,9J5V,Lysophosphatidic acid receptor 1,Q92633,LPAR1,A,Gi,Guanine nucleotide-binding protein G(i) subunit al,CpY,A1L3Q,,3,500.0,1500.0,"CHARMM36 (chamber, AMBER pmemd)",POPC,experimental,membrane_embedded,True,True,True,,,,P1,nominal protocol values; original file-observed total reported separately
Gq_6OIJ,6OIJ,Muscarinic acetylcholine receptor M1,P11229,CHRM1,A,Gq,Guanine nucleotide-binding protein G(i) subunit al,"4-(4,5-dihydro-1,2-oxazol-3-yloxy)-N,N,N-trimethylbut-2-yn-1-aminium/CHOLESTEROL HEMISUCCINATE",IXO/Y01,,3,500.0,1500.0,"CHARMM36 (chamber, AMBER pmemd)",POPC,experimental,membrane_embedded,True,True,True,,,nan; API receptor_name='Muscarinic acetylcholine receptor M1' differs from existing,P1,nominal protocol values; original file-observed total reported separately
Gq_7DFL,7DFL,Histamine H1 receptor,P35367,HRH1,A,Gq,Guanine nucleotide-binding protein G(q) subunit al,HISTAMINE,HSM,,3,500.0,1500.0,"CHARMM36 (chamber, AMBER pmemd)",POPC,experimental,membrane_embedded,True,True,True,,,,P1,nominal protocol values; original file-observed total reported separately
Gq_7EIB,7EIB,B1 bradykinin receptor,P46663,BDKRB1,A,Gq,Gαq,,,,3,500.0,1500.0,"CHARMM36 (chamber, AMBER pmemd)",POPC,experimental,membrane_embedded,True,True,True,,,,P1,nominal protocol values; original file-observed total reported separately
Gq_7EZM,7EZM,Cholecystokinin receptor type A,P32238,CCKAR,A,Gq,fusion protein of Guanine nucleotide-binding prote,,,,3,500.0,1500.0,"CHARMM36 (chamber, AMBER pmemd)",POPC,engineered_uncertain,membrane_embedded,True,True,True,,,,P1,nominal protocol values; original file-observed total reported separately
Gq_7F2O,7F2O,B2 bradykinin receptor,P30411,BDKRB2,A,Gq,Gαq,,,,3,500.0,1500.0,"CHARMM36 (chamber, AMBER pmemd)",POPC,experimental,membrane_embedded,True,True,True,,,,P1,nominal protocol values; original file-observed total reported separately
Gq_7F6G,7F6G,Angiotensin receptor AT1R,P30556,AGTR1,A,Gq,Guanine nucleotide-binding protein G(q) subunit al,2-acetamido-2-deoxy-beta-D-glucopyranose,NAG,,3,500.0,1500.0,"CHARMM36 (chamber, AMBER pmemd)",POPC,engineered_uncertain,membrane_embedded,True,True,True,,,,P1,nominal protocol values; original file-observed total reported separately
Gq_7F8W,7F8W,Gastrin/cholecystokinin type B receptor,P32239,CCKBR,A,Gq,Guanine nucleotide-binding protein G(q) subunit al,,,,3,500.0,1500.0,"CHARMM36 (chamber, AMBER pmemd)",POPC,experimental,membrane_embedded,True,True,True,,,,P1,nominal protocol values; original file-observed total reported separately
Gq_7P00,7P00,Substance-P receptor,P25103,TACR1,A,Gq,Guanine nucleotide-binding protein G(i) subunit al,,,,3,500.0,1500.0,"CHARMM36 (chamber, AMBER pmemd)",POPC,experimental,membrane_embedded,True,True,True,,,,P1,nominal protocol values; original file-observed total reported separately
Gq_7RAN,7RAN,5-hydroxytryptamine receptor 2A,P28223,HTR2A,A,Gq,Gαq,"(3R)-3-methyl-5-(1H-pyrrolo[2,3-b]pyridin-3-yl)-1,2,3,6-tetrahydropyridin-1-ium",3IQ,,3,500.0,1500.0,"CHARMM36 (chamber, AMBER pmemd)",POPC,experimental,membrane_embedded,True,True,True,,,,P1,nominal protocol values; original file-observed total reported separately
Gq_7S8L,7S8L,Mas-related G-protein coupled receptor member X2,Q96LB1,MRGPRX2,A,Gq,Gαq,,,,3,500.0,1500.0,"CHARMM36 (chamber, AMBER pmemd)",POPC,experimental,membrane_embedded,True,True,True,,,,P1,nominal protocol values; original file-observed total reported separately
Gq_7S8P,7S8P,Mas-related G-protein coupled receptor member X4,Q96LA9,MRGPRX4,A,Gq,Gαq,"N-[(1r,3R,5S,7R)-3,5-dimethyltricyclo[3.3.1.1~3,7~]decane-1-carbonyl]-D-phenylalanine",8IX,,3,500.0,1500.0,"CHARMM36 (chamber, AMBER pmemd)",POPC,experimental,membrane_embedded,True,True,True,,,,P1,nominal protocol values; original file-observed total reported separately
Gq_7SR8,7SR8,Orexin receptor type 2,O43614,HCRTR2,A,Gq,a modified Guanine nucleotide-binding protein G(q),"methyl (2R,3S)-3-[(methanesulfonyl)amino]-2-({[(1s,4S)-4-phenylcyclohexyl]oxy}methyl)piperidine-1-carboxylate",A6F,,3,500.0,1500.0,"CHARMM36 (chamber, AMBER pmemd)",POPC,experimental,membrane_embedded,True,True,True,,,,P1,nominal protocol values; original file-observed total reported separately
Gq_7SRR,7SRR,5-hydroxytryptamine receptor 2B,P41595,HTR2B,A,Gq,Gαq,"(8alpha)-N,N-diethyl-6-methyl-9,10-didehydroergoline-8-carboxamide",7LD,,3,500.0,1500.0,"CHARMM36 (chamber, AMBER pmemd)",POPC,experimental,membrane_embedded,True,True,True,,,,P1,nominal protocol values; original file-observed total reported separately
Gq_7TRY,7TRY,Corticotropin-releasing factor receptor 2,Q13324,CRHR2,B,Gq,guanine nucleotide-binding protein g(i)/g(s)/g(t) ,,,,3,500.0,1500.0,CHARMM36 (via AMBER CHARMM-GUI),POPC,experimental,membrane_embedded,True,True,True,,,,P2,nominal protocol values; original file-observed total reported separately
Gq_7W3Z,7W3Z,Gastrin-releasing peptide receptor,P30550,GRPR,A,Gq,Guanine nucleotide-binding protein G(q) subunit al,,,,3,500.0,1500.0,"CHARMM36 (chamber, AMBER pmemd)",POPC,experimental,membrane_embedded,True,True,True,,,,P1,nominal protocol values; original file-observed total reported separately
Gq_7W53,7W53,Neuromedin-U receptor 1,Q9HB89,NMUR1,A,Gq,Guanine nucleotide-binding protein G(q) subunit al,,,,3,500.0,1500.0,"CHARMM36 (chamber, AMBER pmemd)",POPC,experimental,membrane_embedded,True,True,True,,,,P1,nominal protocol values; original file-observed total reported separately
Gq_7W55,7W55,Neuromedin-U receptor 2,Q9GZQ4,NMUR2,A,Gq,Guanine nucleotide-binding protein G(q) subunit al,,,,3,500.0,1500.0,"CHARMM36 (chamber, AMBER pmemd)",POPC,experimental,membrane_embedded,True,True,True,,,,P1,nominal protocol values; original file-observed total reported separately
Gq_7XW9,7XW9,Thyrotropin-releasing hormone receptor,P34981,TRHR,A,Gq,Guanine nucleotide-binding protein G(q) subunit al,,,,3,500.0,1500.0,"CHARMM36 (chamber, AMBER pmemd)",POPC,experimental,membrane_embedded,True,True,True,,,,P1,nominal protocol values; original file-observed total reported separately
Gq_7XWO,7XWO,Substance-K receptor,P21452,TACR2,A,Gq,Gαq,,,,3,500.0,1500.0,"CHARMM36 (chamber, AMBER pmemd)",POPC,experimental,membrane_embedded,True,True,True,,,,P1,nominal protocol values; original file-observed total reported separately
Gq_7XXH,7XXH,P2Y purinoceptor 1,P47900,P2RY1,A,Gq,Guanine nucleotide-binding protein G(11) subunit a,2-(methylsulfanyl)adenosine 5'-(trihydrogen diphosphate),6AD,,3,500.0,1500.0,"CHARMM36 (chamber, AMBER pmemd)",POPC,experimental,membrane_embedded,True,True,True,,,1 temp/incomplete files (#-prefixed) present,P1,nominal protocol values; original file-observed total reported separately
Gq_7Y26,7Y26,Somatostatin receptor type 2,P30874,SSTR2,A,Gq,Engineered Guanine nucleotide-binding protein G(q),,,,3,500.0,1500.0,"CHARMM36 (chamber, AMBER pmemd)",POPC,experimental,membrane_embedded,True,True,True,,,,P1,nominal protocol values; original file-observed total reported separately
Gq_7YDM,7YDM,Adhesion G protein-coupled receptor E5,P48960,ADGRE5,B,Gq,engineered mini-gaq,,,,3,500.0,1500.0,CHARMM36 (via AMBER CHARMM-GUI),POPC,experimental,membrane_embedded,True,True,True,,,,P2,nominal protocol values; original file-observed total reported separately
Gq_8DWC,8DWC,Mas-related G-protein coupled receptor member X1,Q96LB2,MRGPRX1,A,Gq,Gαq,,,,3,500.0,1500.0,"CHARMM36 (chamber, AMBER pmemd)",POPC,experimental,membrane_embedded,True,True,True,,,,P1,nominal protocol values; original file-observed total reported separately
Gq_8E9W,8E9W,Muscarinic acetylcholine receptor M3,P20309,CHRM3,A,Gq,Gαq,"11-(4-methylpiperazin-1-yl)-5H-dibenzo[b,e][1,4]diazepine",WEC,,3,500.0,1500.0,"CHARMM36 (chamber, AMBER pmemd)",POPC,experimental,membrane_embedded,True,True,True,,,,P1,nominal protocol values; original file-observed total reported separately
Gq_8EJC,8EJC,Free fatty acid receptor 1,O14842,FFAR1,A,Gq,A modified Guanine nucleotide-binding protein G(q),"[(3S)-6-({2',6'-dimethyl-4'-[3-(methylsulfonyl)propoxy]biphenyl-3-yl}methoxy)-2,3-dihydro-1-benzofuran-3-yl]acetic acid",2YB,,3,500.0,1500.0,"CHARMM36 (chamber, AMBER pmemd)",POPC,experimental,membrane_embedded,True,True,True,,,,P1,nominal protocol values; original file-observed total reported separately
Gq_8F7X,8F7X,Nociceptin receptor,P41146,OPRL1,A,Gq,Guanine nucleotide-binding protein G(i) subunit al,,,,3,500.0,1500.0,"CHARMM36 (chamber, AMBER pmemd)",POPC,experimental,membrane_embedded,True,True,True,,,,P1,nominal protocol values; original file-observed total reported separately
Gq_8H0P,8H0P,Neuromedin-B receptor,P28336,NMBR,A,Gq,Gαq,,,,3,500.0,1500.0,"CHARMM36 (chamber, AMBER pmemd)",POPC,experimental,membrane_embedded,True,True,True,,,,P1,nominal protocol values; original file-observed total reported separately
Gq_8HCQ,8HCQ,Endothelin receptor type B,P24530,EDNRB,A,Gq,Guanine nucleotide-binding protein G(q) subunit al,,,,3,500.0,1500.0,"CHARMM36 (chamber, AMBER pmemd)",POPC,engineered_uncertain,membrane_embedded,True,True,True,,,,P1,nominal protocol values; original file-observed total reported separately
Gq_8HCX,8HCX,Endothelin receptor type B,P24530,EDNRB,A,Gq,Guanine nucleotide-binding protein G(q) subunit al,,,,3,500.0,1500.0,"CHARMM36 (chamber, AMBER pmemd)",POPC,engineered_uncertain,membrane_embedded,True,True,True,,,,P1,nominal protocol values; original file-observed total reported separately
Gq_8IBV,8IBV,Motilin receptor,O43193,MLNR,A,Gq,Guanine nucleotide-binding protein G(q) subunit al,,,,3,500.0,1500.0,"CHARMM36 (chamber, AMBER pmemd)",POPC,experimental,membrane_embedded,True,True,True,,,,P1,nominal protocol values; original file-observed total reported separately
Gq_8IUK,8IUK,Prostaglandin F2-alpha receptor,P43088,PTGFR,A,Gq,Gαq,"(Z)-7-[(1R,2R,3R,5S)-3,5-bis(oxidanyl)-2-[(E,3S)-3-oxidanyloct-1-enyl]cyclopentyl]hept-5-enoic acid",UGU,,3,500.0,1500.0,"CHARMM36 (chamber, AMBER pmemd)",POPC,experimental,membrane_embedded,True,True,True,,,,P1,nominal protocol values; original file-observed total reported separately
Gq_8IYS,8IYS,Free fatty acid receptor 4,Q5NUL3,FFAR4,A,Gq,Guanine nucleotide-binding protein G(q) subunit al,"GUANOSINE-5'-DIPHOSPHATE/3-{4-[(4-fluoro-4'-methyl[1,1'-biphenyl]-2-yl)methoxy]phenyl}propanoic acid",GDP/YN9,,3,500.0,1500.0,"CHARMM36 (chamber, AMBER pmemd)",POPC,experimental,membrane_embedded,True,True,True,,,,P1,nominal protocol values; original file-observed total reported separately
Gq_8J9N,8J9N,Frizzled-1,Q9UP38,FZD1,A,Gq,Guanine nucleotide-binding protein G(s) subunit al,,,,3,500.0,1500.0,"CHARMM36 (chamber, AMBER pmemd)",POPC,experimental,membrane_embedded,True,True,True,,,,P1,nominal protocol values; original file-observed total reported separately
Gq_8JBG,8JBG,Neuromedin-K receptor,P29371,TACR3,A,Gq,Gαq,,,,3,500.0,1500.0,"CHARMM36 (chamber, AMBER pmemd)",POPC,experimental,membrane_embedded,True,True,True,,,,P1,nominal protocol values; original file-observed total reported separately
Gq_8WST,8WST,Melanin-concentrating hormone receptor 2,Q969V1,MCHR2,A,Gq,Guanine nucleotide-binding protein G(q) subunit al,,,,3,500.0,1500.0,"CHARMM36 (chamber, AMBER pmemd)",POPC,experimental,membrane_embedded,True,True,True,,,,P1,nominal protocol values; original file-observed total reported separately
Gq_8WZ2,8WZ2,Pyroglutamylated RF-amide peptide receptor,Q96P65,QRFPR,A,Gq,Gαq,,,,3,500.0,1500.0,"CHARMM36 (chamber, AMBER pmemd)",POPC,experimental,membrane_embedded,True,True,True,,,,P1,nominal protocol values; original file-observed total reported separately
Gq_8XGS,8XGS,KiSS-1 receptor,Q969F8,KISS1R,A,Gq,Guanine nucleotide-binding protein G(q) subunit al,,,,3,500.0,1500.0,"CHARMM36 (chamber, AMBER pmemd)",POPC,experimental,membrane_embedded,True,True,True,,,,P1,nominal protocol values; original file-observed total reported separately
Gq_8XOJ,8XOJ,G-protein coupled estrogen receptor 1,Q99527,GPER1,A,Gq,Guanine nucleotide-binding protein G(q) subunit al,,,,3,500.0,1500.0,"CHARMM36 (chamber, AMBER pmemd)",POPC,experimental,membrane_embedded,True,True,True,,,,P1,nominal protocol values; original file-observed total reported separately
Gq_8XOR,8XOR,Proteinase-activated receptor 1,P25116,F2R,A,Gq,Gαq,,,,3,500.0,1500.0,"CHARMM36 (chamber, AMBER pmemd)",POPC,experimental,membrane_embedded,True,True,True,,,,P1,nominal protocol values; original file-observed total reported separately
Gq_8Y53,8Y53,Bombesin receptor subtype-3,P32247,BRS3,A,Gq,Guanine nucleotide-binding protein G(q) subunit al,"(2~{S})-1,1,1-tris(fluoranyl)-2-(4-pyrazol-1-ylphenyl)-3-[5-[[1-(trifluoromethyl)cyclopropyl]methyl]-1~{H}-imidazol-2-yl]propan-2-ol",A1D54,,3,500.0,1500.0,"CHARMM36 (chamber, AMBER pmemd)",POPC,experimental,membrane_embedded,True,True,True,,,,P1,nominal protocol values; original file-observed total reported separately
Gq_8ZPT,8ZPT,Prolactin-releasing peptide receptor,P49683,PRLHR,A,Gq,Guanine nucleotide-binding protein G(324) subunit ,,,,3,500.0,1500.0,"CHARMM36 (chamber, AMBER pmemd)",POPC,experimental,membrane_embedded,True,True,True,,,,P1,nominal protocol values; original file-observed total reported separately
Gs_3SN6,3SN6,Beta-2 adrenergic receptor,P07550,ADRB2,A,Gs,Guanine nucleotide-binding protein G(s) subunit al,"8-[(1R)-2-{[1,1-dimethyl-2-(2-methylphenyl)ethyl]amino}-1-hydroxyethyl]-5-hydroxy-2H-1,4-benzoxazin-3(4H)-one",P0G,,3,500.0,1500.0,"CHARMM36 (chamber, AMBER pmemd)",POPC,experimental,membrane_embedded,True,True,True,,,nan; API receptor_name='Beta-2 adrenergic receptor' differs from existing,P1,nominal protocol values; original file-observed total reported separately
Gs_6GDG,6GDG,Adenosine receptor A2a,P29274,ADORA2A,A,Gs,Guanine nucleotide-binding protein G(s) subunit al,N-ETHYL-5'-CARBOXAMIDO ADENOSINE,NEC,,3,500.0,1500.0,"CHARMM36 (chamber, AMBER pmemd)",POPC,experimental,membrane_embedded,True,True,True,,,nan; API receptor_name='Adenosine receptor A2a' differs from existing,P1,nominal protocol values; original file-observed total reported separately
Gs_6LI3,6LI3,G-protein coupled receptor 52,Q9Y2T5,GPR52,A,Gs,Guanine nucleotide-binding protein G(s) subunit al,,,,3,500.0,1500.0,"CHARMM36 (chamber, AMBER pmemd)",POPC,experimental,membrane_embedded,True,True,True,,,,P1,nominal protocol values; original file-observed total reported separately
Gs_6NBI,6NBI,Parathyroid hormone/parathyroid hormone-related peptide receptor,Q03431,PTH1R,B,Gs,guanine nucleotide-binding protein g(i)/g(s)/g(t) ,,,,3,500.0,1500.0,CHARMM36 (via AMBER CHARMM-GUI),POPC,experimental,membrane_embedded,True,True,True,,,,P2,nominal protocol values; original file-observed total reported separately
Gs_6PB0,6PB0,Corticotropin-releasing factor receptor 1,P34998,CRHR1,B,Gs,guanine nucleotide-binding protein g(s) subunit al,,,,3,500.0,1500.0,CHARMM36 (via AMBER CHARMM-GUI),POPC,experimental,membrane_embedded,True,True,True,,,,P2,nominal protocol values; original file-observed total reported separately
Gs_6PB1,6PB1,Corticotropin-releasing factor receptor 2,Q13324,CRHR2,B,Gs,guanine nucleotide-binding protein g(s) subunit al,,,,3,500.0,1500.0,CHARMM36 (via AMBER CHARMM-GUI),POPC,experimental,membrane_embedded,True,True,True,,,,P2,nominal protocol values; original file-observed total reported separately
Gs_6UVA,6UVA,Calcitonin gene-related peptide type 1 receptor,Q16602,CALCRL,B,Gs,guanine nucleotide-binding protein g(s) subunit al,,,,3,500.0,1500.0,CHARMM36 (via AMBER CHARMM-GUI),POPC,experimental,membrane_embedded,True,True,True,,,,P2,nominal protocol values; original file-observed total reported separately
Gs_6WZG,6WZG,Secretin receptor,P47872,SCTR,B,Gs,guanine nucleotide-binding protein g(s) subunit al,,,,3,500.0,1500.0,CHARMM36 (via AMBER CHARMM-GUI),POPC,experimental,membrane_embedded,True,True,True,,,,P2,nominal protocol values; original file-observed total reported separately
Gs_7CFN,7CFN,G-protein coupled bile acid receptor 1,Q8TDU6,GPBAR1,A,Gs,Guanine nucleotide-binding protein G(s) subunit al,"(2S,4R)-4-[(3R,5S,6R,7R,8R,9S,10S,12S,13R,14S,17R)-6-ethyl-10,13-dimethyl-3,7,12-tris(oxidanyl)-2,3,4,5,6,7,8,9,11,12,14,15,16,17-tetradecahydro-1H-cyclopenta[a]phenanthren-17-yl]-2-methyl-pentanoic acid",FX0,,3,500.0,1500.0,"CHARMM36 (chamber, AMBER pmemd)",POPC,experimental,membrane_embedded,True,True,True,,,,P1,nominal protocol values; original file-observed total reported separately
Gs_7CX2,7CX2,Prostaglandin E2 receptor EP2 subtype,P43116,PTGER2,A,Gs,Guanine nucleotide-binding protein G(s) subunit al,"(Z)-7-[(1R,2R,3R)-3-hydroxy-2-[(E,3S)-3-hydroxyoct-1-enyl]-5-oxo-cyclopentyl]hept-5-enoic acid",P2E,,3,500.0,1500.0,"CHARMM36 (chamber, AMBER pmemd)",POPC,experimental,membrane_embedded,True,True,True,,,,P1,nominal protocol values; original file-observed total reported separately
Gs_7D68,7D68,Glucagon-like peptide 2 receptor,O95838,GLP2R,B,Gs,guanine nucleotide-binding protein g(s) subunit al,,,,3,500.0,1500.0,CHARMM36 (via AMBER CHARMM-GUI),POPC,experimental,membrane_embedded,True,True,True,,,,P2,nominal protocol values; original file-observed total reported separately
Gs_7D7M,7D7M,Prostaglandin E2 receptor EP4 subtype,P35408,PTGER4,A,Gs,Guanine nucleotide-binding protein G(s) subunit al,"(Z)-7-[(1R,2R,3R)-3-hydroxy-2-[(E,3S)-3-hydroxyoct-1-enyl]-5-oxo-cyclopentyl]hept-5-enoic acid",P2E,,3,500.0,1500.0,"CHARMM36 (chamber, AMBER pmemd)",POPC,experimental,membrane_embedded,True,True,True,,,,P1,nominal protocol values; original file-observed total reported separately
Gs_7DUQ,7DUQ,Glucagon-like peptide 1 receptor,P43220,GLP1R,B,Gs,guanine nucleotide-binding protein g(s) subunit al,"N-tert-butyl-6,7-bis(chloranyl)quinoxalin-2-amine",HNO,,3,500.0,1500.0,CHARMM36 (via AMBER CHARMM-GUI),POPC,experimental,membrane_embedded,True,True,True,,,,P2,nominal protocol values; original file-observed total reported separately
Gs_7EQ1,7EQ1,Adhesion G-protein coupled receptor G5,Q8IZF4,ADGRG5,B,Gs,guanine nucleotide-binding protein g(i)/g(s)/g(t) ,,,,3,500.0,1500.0,CHARMM36 (via AMBER CHARMM-GUI),POPC,experimental,membrane_embedded,True,True,True,,,,P2,nominal protocol values; original file-observed total reported separately
Gs_7F16,7F16,Parathyroid hormone 2 receptor,P49190,PTH2R,B,Gs,guanine nucleotide-binding protein g(s) subunit al,,,,3,500.0,1500.0,CHARMM36 (via AMBER CHARMM-GUI),POPC,experimental,membrane_embedded,True,True,True,,,,P2,nominal protocol values; original file-observed total reported separately
Gs_7F4H,7F4H,Melanocyte-stimulating hormone receptor,Q01726,MC1R,A,Gs,Guanine nucleotide-binding protein G(i) subunit al,CAL/CYM,,,3,500.0,1500.0,"CHARMM36 (chamber, AMBER pmemd)",POPC,experimental,membrane_embedded,True,True,True,,,,P1,nominal protocol values; original file-observed total reported separately
Gs_7F54,7F54,Melanocortin receptor 4,P32245,MC4R,A,Gs,Isoform Gnas-2 of Guanine nucleotide-binding prote,CAL,,,3,500.0,1500.0,"CHARMM36 (chamber, AMBER pmemd)",POPC,experimental,membrane_embedded,True,True,True,,,,P1,nominal protocol values; original file-observed total reported separately
Gs_7FIG,7FIG,Lutropin-choriogonadotropic hormone receptor,P22888,LHCGR,A,Gs,Engineered guanine nucleotide-binding protein G(s),2-acetamido-2-deoxy-beta-D-glucopyranose,NAG,,3,500.0,1500.0,"CHARMM36 (chamber, AMBER pmemd)",POPC,experimental,membrane_embedded,True,True,True,,,,P1,nominal protocol values; original file-observed total reported separately
Gs_7FIN,7FIN,Gastric inhibitory polypeptide receptor,P48546,GIPR,B,Gs,guanine nucleotide-binding protein g(s) subunit al,GAMMA-L-GLUTAMIC ACID,GGL,,3,500.0,1500.0,CHARMM36 (via AMBER CHARMM-GUI),POPC,experimental,membrane_embedded,True,True,True,,,,P2,nominal protocol values; original file-observed total reported separately
Gs_7JVQ,7JVQ,D(1A) dopamine receptor,P21728,DRD1,A,Gs,Gαs,"(6aR)-6-methyl-5,6,6a,7-tetrahydro-4H-dibenzo[de,g]quinoline-10,11-diol",OR9,,3,500.0,1500.0,"CHARMM36 (chamber, AMBER pmemd)",POPC,experimental,membrane_embedded,True,True,True,,,nan; API receptor_name='D(1A) dopamine receptor' differs from existing,P1,nominal protocol values; original file-observed total reported separately
Gs_7KH0,7KH0,Vasopressin V2 receptor,P30518,AVPR2,A,Gs,Guanine nucleotide-binding protein G(i) subunit al,,,,3,500.0,1500.0,"CHARMM36 (chamber, AMBER pmemd)",POPC,experimental,membrane_embedded,True,True,True,,,,P1,nominal protocol values; original file-observed total reported separately
Gs_7L1V,7L1V,Orexin receptor type 2,O43614,HCRTR2,A,Gs,Engineered Guanine nucleotide-binding protein subu,"4'-methoxy-N,N-dimethyl-3'-{[3-(2-{[2-(2H-1,2,3-triazol-2-yl)benzene-1-carbonyl]amino}ethyl)phenyl]sulfamoyl}[1,1'-biphenyl]-3-carboxamide",XGD,,3,500.0,1500.0,"CHARMM36 (chamber, AMBER pmemd)",POPC,experimental,membrane_embedded,True,True,True,,,,P1,nominal protocol values; original file-observed total reported separately
Gs_7MBX,7MBX,Cholecystokinin receptor type A,P32238,CCKAR,A,Gs,Guanine nucleotide-binding protein G(s) subunit al,CHOLESTEROL HEMISUCCINATE,Y01,,3,500.0,1500.0,"CHARMM36 (chamber, AMBER pmemd)",POPC,experimental,membrane_embedded,True,True,True,,,,P1,nominal protocol values; original file-observed total reported separately
Gs_7RMH,7RMH,Substance-P receptor,P25103,TACR1,A,Gs,Guanine nucleotide-binding protein G(s) subunit al,,,,3,500.0,1500.0,"CHARMM36 (chamber, AMBER pmemd)",POPC,experimental,membrane_embedded,True,True,True,,,,P1,nominal protocol values; original file-observed total reported separately
Gs_7T9N,7T9N,Thyrotropin receptor,P16473,TSHR,A,Gs,Guanine nucleotide-binding protein G(s) subunit al,"2-acetamido-2-deoxy-beta-D-glucopyranose/(2S)-3-hydroxypropane-1,2-diyl dihexadecanoate",NAG/Z41,,3,500.0,1500.0,"CHARMM36 (chamber, AMBER pmemd)",POPC,experimental,membrane_embedded,True,True,True,,,,P1,nominal protocol values; original file-observed total reported separately
Gs_7TMW,7TMW,Relaxin receptor 1,Q9HBX9,RXFP1,A,Gs,"Relaxin receptor 1, Guanine nucleotide-binding pro",,,,3,500.0,1500.0,"CHARMM36 (chamber, AMBER pmemd)",POPC,experimental,membrane_embedded,True,True,True,,,,P1,nominal protocol values; original file-observed total reported separately
Gs_7V9M,7V9M,GHRH receptor splice variant 1,Q9HB45,GHRHR,B,Gs,guanine nucleotide-binding protein g(s) subunit al,,,,3,500.0,1500.0,CHARMM36 (via AMBER CHARMM-GUI),POPC,experimental,membrane_embedded,True,True,True,,,,P2,nominal protocol values; original file-observed total reported separately
Gs_7WBJ,7WBJ,Vasoactive intestinal polypeptide receptor 2,P41587,VIPR2,B,Gs,guanine nucleotide-binding protein g(i)/g(s)/g(t) ,,,,3,500.0,1500.0,CHARMM36 (via AMBER CHARMM-GUI),POPC,experimental,membrane_embedded,True,True,True,,,,P2,nominal protocol values; original file-observed total reported separately
Gs_7WU2,7WU2,Adhesion G-protein coupled receptor D1,Q6QNK2,ADGRD1,B,Gs,guanine nucleotide-binding protein g(i)/g(s)/g(t) ,,,,3,500.0,1500.0,CHARMM36 (via AMBER CHARMM-GUI),POPC,experimental,membrane_embedded,True,True,True,,,,P2,nominal protocol values; original file-observed total reported separately
Gs_7WU3,7WU3,Adhesion G-protein coupled receptor F1,Q5T601,ADGRF1,B,Gs,guanine nucleotide-binding protein g(i)/g(s)/g(t) ,[(2~{R})-2-oxidanyl-3-[oxidanyl-[2-(trimethyl-$l^{4}-azanyl)ethoxy]phosphoryl]oxy-propyl] hexadecanoate,K6G,,3,500.0,1500.0,CHARMM36 (via AMBER CHARMM-GUI),POPC,experimental,membrane_embedded,True,True,True,,,,P2,nominal protocol values; original file-observed total reported separately
Gs_7WUJ,7WUJ,Adhesion G-protein coupled receptor G4,Q8IZF6,ADGRG4,B,Gs,mini-gs,,,,3,500.0,1500.0,CHARMM36 (via AMBER CHARMM-GUI),POPC,experimental,membrane_embedded,True,True,True,,,,P2,nominal protocol values; original file-observed total reported separately
Gs_7XT8,7XT8,5-hydroxytryptamine receptor 4,Q13639,HTR4,A,Gs,Guanine nucleotide-binding protein G(s) subunit al,SEROTONIN,SRO,,3,500.0,1500.0,"CHARMM36 (chamber, AMBER pmemd)",POPC,experimental,membrane_embedded,True,True,True,,,,P1,nominal protocol values; original file-observed total reported separately
Gs_7XTB,7XTB,5-hydroxytryptamine receptor 6,P50406,HTR6,A,Gs,Guanine nucleotide-binding protein G(s) subunit al,SEROTONIN,SRO,,3,500.0,1500.0,"CHARMM36 (chamber, AMBER pmemd)",POPC,experimental,membrane_embedded,True,True,True,,,,P1,nominal protocol values; original file-observed total reported separately
Gs_7XTC,7XTC,5-hydroxytryptamine receptor 7,P34969,HTR7,A,Gs,Guanine nucleotide-binding protein G(s) subunit al,3-(2-azanylethyl)-1H-indole-5-carboxamide,8K3,,3,500.0,1500.0,"CHARMM36 (chamber, AMBER pmemd)",POPC,experimental,membrane_embedded,True,True,True,,,,P1,nominal protocol values; original file-observed total reported separately
Gs_7XV3,7XV3,Probable G-protein coupled receptor 174,Q9BXC1,GPR174,A,Gs,Gαs,(2~{S})-2-$l^{4}-azanyl-3-[[(2~{R})-3-octadecanoyloxy-2-oxidanyl-propoxy]-oxidanyl-oxidanylidene-$l^{6}-phosphanyl]oxy-propanoic acid,WJS,,3,500.0,1500.0,"CHARMM36 (chamber, AMBER pmemd)",POPC,experimental,membrane_embedded,True,True,True,,,,P1,nominal protocol values; original file-observed total reported separately
Gs_7XZ5,7XZ5,Glucose-dependent insulinotropic receptor,Q8TDV5,GPR119,A,Gs,Guanine nucleotide-binding protein G(s) subunit al,"(4R,7R,18E)-4,7-dihydroxy-N,N,N-trimethyl-10-oxo-3,5,9-trioxa-4-phosphaheptacos-18-en-1-aminium 4-oxide",LSC,,3,500.0,1500.0,"CHARMM36 (chamber, AMBER pmemd)",POPC,experimental,membrane_embedded,True,True,True,,,,P1,nominal protocol values; original file-observed total reported separately
Gs_7Y3G,7Y3G,G-protein coupled receptor 12,P47775,GPR12,A,Gs,Guanine nucleotide-binding protein G(s) subunit al,CYM,,,3,500.0,1500.0,"CHARMM36 (chamber, AMBER pmemd)",POPC,experimental,membrane_embedded,True,True,True,,,,P1,nominal protocol values; original file-observed total reported separately
Gs_8E3X,8E3X,Pituitary adenylate cyclase-activating polypeptide type I receptor,P41586,ADCYAP1R1,B,Gs,guanine nucleotide-binding protein g(s) subunit al,,,,3,500.0,1500.0,CHARMM36 (via AMBER CHARMM-GUI),POPC,experimental,membrane_embedded,True,True,True,,,,P2,nominal protocol values; original file-observed total reported separately
Gs_8E3Y,8E3Y,Vasoactive intestinal polypeptide receptor 1,P32241,VIPR1,B,Gs,guanine nucleotide-binding protein g(s) subunit al,,,,3,500.0,1500.0,CHARMM36 (via AMBER CHARMM-GUI),POPC,experimental,membrane_embedded,True,True,True,,,,P2,nominal protocol values; original file-observed total reported separately
Gs_8F0J,8F0J,Calcitonin receptor,P30988,CALCR,B,Gs,guanine nucleotide-binding protein g(s) subunit al,N-hexadecanoyl-L-glutamic acid/2-acetamido-2-deoxy-beta-D-glucopyranose/PHOSPHATIDYLETHANOLAMINE/CHOLESTEROL HEMISUCCINATE/(2S)-2-{[(1R)-1-hydroxyhexadecyl]oxy}-3-{[(1R)-1-hydroxyoctadecyl]oxy}propyl 2-(trimethylammonio)ethyl phosphate,D6M/NAG/PTY/Y01/P42,,3,500.0,1500.0,CHARMM36 (via AMBER CHARMM-GUI),POPC,experimental,membrane_embedded,True,True,True,,,,P2,nominal protocol values; original file-observed total reported separately
Gs_8F76,8F76,Olfactory receptor 51E2,Q9H255,OR51E2,A,Gs,Guanine nucleotide-binding protein G(s) subunit al,PROPANOIC ACID,PPI,,3,500.0,1500.0,"CHARMM36 (chamber, AMBER pmemd)",POPC,experimental,membrane_embedded,True,True,True,,,,P1,nominal protocol values; original file-observed total reported separately
Gs_8FU6,8FU6,Glucagon receptor,P47871,GCGR,B,Gs,guanine nucleotide-binding protein g(s) subunit al,,,,3,500.0,1500.0,CHARMM36 (via AMBER CHARMM-GUI),POPC,experimental,membrane_embedded,True,True,True,,,,P2,nominal protocol values; original file-observed total reported separately
Gs_8H4I,8H4I,Free fatty acid receptor 4,Q5NUL3,FFAR4,A,Gs,engineered mini Galpha-S subunit,"DOCOSA-4,7,10,13,16,19-HEXAENOIC ACID",HXA,,3,500.0,1500.0,"CHARMM36 (chamber, AMBER pmemd)",POPC,experimental,membrane_embedded,True,True,True,,,,P1,nominal protocol values; original file-observed total reported separately
Gs_8HDP,8HDP,Adenosine receptor A2b,P29275,ADORA2B,A,Gs,Gαs,ADENOSINE,ADN,,3,500.0,1500.0,"CHARMM36 (chamber, AMBER pmemd)",POPC,experimental,membrane_embedded,True,True,True,,,,P1,nominal protocol values; original file-observed total reported separately
Gs_8HJ1,8HJ1,Probable G-protein coupled receptor 21,Q99679,GPR21,A,Gs,Guanine nucleotide-binding protein G(s) subunit al,,,,3,500.0,1500.0,"CHARMM36 (chamber, AMBER pmemd)",POPC,experimental,membrane_embedded,True,True,True,,,,P1,nominal protocol values; original file-observed total reported separately
Gs_8HJ2,8HJ2,Probable G-protein coupled receptor 21,Q99679,GPR21,A,Gs,Guanine nucleotide-binding protein G(s) subunit al,,,,3,500.0,1500.0,"CHARMM36 (chamber, AMBER pmemd)",POPC,experimental,membrane_embedded,True,True,True,,,,P1,nominal protocol values; original file-observed total reported separately
Gs_8HTI,8HTI,Consensus Olfactory Receptor OR52c,,,A,Gs,Guanine nucleotide-binding protein G(s) subunit al,OCTANOIC ACID (CAPRYLIC ACID),OCA,,3,500.0,1500.0,"CHARMM36 (chamber, AMBER pmemd)",POPC,experimental,membrane_embedded,True,True,True,,,,P1,nominal protocol values; original file-observed total reported separately
Gs_8I2G,8I2G,Follicle-stimulating hormone receptor,P23945,FSHR,A,Gs,chimera of Guanine nucleotide-binding protein G(s),"2-acetamido-2-deoxy-beta-D-glucopyranose/N-tert-butyl-N-ethyl-8-methoxy-9-propan-2-yloxy-1-thiophen-2-yl-5,6-dihydroimidazo[5,1-a]isoquinoline-3-carboxamide",NAG/O6F,,3,500.0,1500.0,"CHARMM36 (chamber, AMBER pmemd)",POPC,engineered_uncertain,membrane_embedded,True,True,True,,,,P1,nominal protocol values; original file-observed total reported separately
Gs_8INR,8INR,Melanocortin receptor 5,P33032,MC5R,A,Gs,Guanine nucleotide-binding protein G(i) subunit al,CAL,,,3,500.0,1500.0,"CHARMM36 (chamber, AMBER pmemd)",POPC,experimental,membrane_embedded,True,True,True,,,,P1,nominal protocol values; original file-observed total reported separately
Gs_8IOC,8IOC,Melanocortin receptor 3,P41968,MC3R,A,Gs,Guanine nucleotide-binding protein G(i) subunit al,CAL,,,3,500.0,1500.0,"CHARMM36 (chamber, AMBER pmemd)",POPC,experimental,membrane_embedded,True,True,True,,,,P1,nominal protocol values; original file-observed total reported separately
Gs_8IRV,8IRV,D(1B) dopamine receptor,P21918,DRD5,A,Gs,Guanine nucleotide-binding protein G(s) subunit al,Rotigotine,R5F,,3,500.0,1500.0,"CHARMM36 (chamber, AMBER pmemd)",POPC,experimental,membrane_embedded,True,True,True,,,,P1,nominal protocol values; original file-observed total reported separately
Gs_8JPP,8JPP,Succinate receptor 1,Q9BXA5,SUCNR1,A,Gs,Guanine nucleotide-binding protein G(s) subunit al,SUCCINIC ACID,SIN,,3,500.0,1500.0,"CHARMM36 (chamber, AMBER pmemd)",POPC,experimental,membrane_embedded,True,True,True,,,,P1,nominal protocol values; original file-observed total reported separately
Gs_8KGK,8KGK,G-protein coupled receptor 61,Q9BZJ8,GPR61,A,Gs,Guanine nucleotide-binding protein G(olf) subunit ,,,,3,500.0,1500.0,"CHARMM36 (chamber, AMBER pmemd)",POPC,experimental,membrane_embedded,True,True,True,,,,P1,nominal protocol values; original file-observed total reported separately
Gs_8KH5,8KH5,Probable G-protein coupled receptor 174,Q9BXC1,GPR174,A,Gs,Guanine nucleotide-binding protein G(s) subunit al,O-{HYDROXY[((2R)-2-HYDROXY-3-{[(1S)-1-HYDROXYPENTADECYL]OXY}PROPYL)OXY]PHOSPHORYL}-L-SERINE,LPS,,3,500.0,1500.0,"CHARMM36 (chamber, AMBER pmemd)",POPC,experimental,membrane_embedded,True,True,True,,,,P1,nominal protocol values; original file-observed total reported separately
Gs_8SMV,8SMV,G-protein coupled receptor 161,Q8N6U8,GPR161,A,Gs,Guanine nucleotide-binding protein G(s) subunit al,,,,3,500.0,1500.0,"CHARMM36 (chamber, AMBER pmemd)",POPC,experimental,membrane_embedded,True,True,True,,,,P1,nominal protocol values; original file-observed total reported separately
Gs_8U8F,8U8F,G-protein coupled receptor 3,P46089,GPR3,A,Gs,Guanine nucleotide-binding protein G(s) subunit al,PLM,,,3,500.0,1500.0,"CHARMM36 (chamber, AMBER pmemd)",POPC,experimental,membrane_embedded,True,True,True,,,,P1,nominal protocol values; original file-observed total reported separately
Gs_8W87,8W87,Trace amine-associated receptor 1,Q96RJ0,TAAR1,A,Gs,Guanine nucleotide-binding protein G(s) subunit al,(2S)-N-methyl-1-phenylpropan-2-amine,B40,,3,500.0,1500.0,"CHARMM36 (chamber, AMBER pmemd)",POPC,experimental,membrane_embedded,True,True,True,,,,P1,nominal protocol values; original file-observed total reported separately
Gs_8W8Q,8W8Q,Probable G-protein coupled receptor 101,Q96P66,GPR101,A,Gs,Guanine nucleotide-binding protein G(s) subunit al,,,,3,500.0,1500.0,"CHARMM36 (chamber, AMBER pmemd)",POPC,experimental,membrane_embedded,True,True,True,,,,P1,nominal protocol values; original file-observed total reported separately
Gs_8WJX,8WJX,P2Y purinoceptor 1,P47900,P2RY1,A,Gs,GNAS complex locus,ADENOSINE-5'-DIPHOSPHATE,ADP,,3,500.0,1500.0,"CHARMM36 (chamber, AMBER pmemd)",POPC,experimental,membrane_embedded,True,True,True,,,,P1,nominal protocol values; original file-observed total reported separately
Gs_8X79,8X79,Prostacyclin receptor,P43119,PTGIR,A,Gs,Guanine nucleotide-binding protein G(s) subunit al,"2-[4-[(5,6-diphenylpyrazin-2-yl)-propan-2-yl-amino]butoxy]ethanoic acid",Y9Q,,3,500.0,1500.0,"CHARMM36 (chamber, AMBER pmemd)",POPC,experimental,membrane_embedded,True,True,True,,,,P1,nominal protocol values; original file-observed total reported separately
Gs_8XVI,8XVI,Endothelin-1 receptor,P25101,EDNRA,A,Gs,Isoform Gnas-2 of Guanine nucleotide-binding prote,,,,3,500.0,1500.0,"CHARMM36 (chamber, AMBER pmemd)",POPC,experimental,membrane_embedded,True,True,True,,,,P1,nominal protocol values; original file-observed total reported separately
Gs_8YN2,8YN2,Histamine H1 receptor,P35367,HRH1,A,Gs,Engineered guanine nucleotide-binding protein G(q),HISTAMINE,HSM,,3,500.0,1500.0,"CHARMM36 (chamber, AMBER pmemd)",POPC,experimental,membrane_embedded,True,True,True,,,,P1,nominal protocol values; original file-observed total reported separately
Gs_8YUT,8YUT,Histamine H2 receptor,P25021,HRH2,A,Gs,Guanine nucleotide-binding protein G(s) subunit al,"5-(2-azanylethyl)-4-methyl-1,3-thiazol-2-amine",A1D67,,3,500.0,1500.0,"CHARMM36 (chamber, AMBER pmemd)",POPC,experimental,membrane_embedded,True,True,True,,,,P1,nominal protocol values; original file-observed total reported separately
Gs_8YUV,8YUV,Histamine H3 receptor,Q9Y5N1,HRH3,A,Gs,Guanine nucleotide-binding protein G(i) subunit al,4-(1H-imidazol-5-ylmethyl)piperidine,A1LY4,,3,500.0,1500.0,"CHARMM36 (chamber, AMBER pmemd)",POPC,experimental,membrane_embedded,True,True,True,,,,P1,nominal protocol values; original file-observed total reported separately
Gs_9BLC,9BLC,Calcitonin receptor,P30988,CALCR,A,Gs,Guanine nucleotide-binding protein G(s) subunit al,,,,3,500.0,1500.0,"CHARMM36 (chamber, AMBER pmemd)",POPC,experimental,membrane_embedded,True,True,True,,,,P1,nominal protocol values; original file-observed total reported separately
